cust_code,bill-to,street,state,key_account
1336,Acc_87b07f,3222 Central SE,NM,
1406,Acc_813012,5900 Eubank,NM,
1407,Acc_d4b131,907 B West Alameda St,NM,
1408,Acc_fa0c91,2411 Cerrillos Rd,NM,
1409,Acc_e53684,200 & 240 South Camino Del Pueblo,NM,
1410,Acc_9cc551,528 North Grand Ave,NM,
1411,Acc_d26ed8,2574 Camino Entrada,NM,
1412,Acc_4ead42,125 Washington Ave,NM,
1413,Acc_620d2e,3418 Central Ave SE,NM,
,Acc_7d754d,7 Avendia Vista Grande,NM,
1414,Acc_ab6b3c,500 Rodeo Rd,NM,
1415,Acc_d358bd,7 Avenicia Grande Suite B6,NM,
1416,Acc_065a53,112 Camino de la Placita,NM,
1417,Acc_09efa4,839 Paseo de Peralta,NM,
1418,Acc_5c8f6b,233 Paseo del Pueblo Sur,NM,
1419,Acc_326af0,,,
1420,Acc_840010,1508 Paseo del Pueblo Sur,NM,
55,Acc_ad13a2,315 Old Santa Fe Trail,NM,
247,Acc_acd4b6,1791 Highway 173,NM,
411,Acc_647f0f,227 Galisteo St,NM,
44,Acc_bf08a7,P.O. Box 1059,CA,
87,Acc_6a1ce7,8575 Orcutt Rd.,NM,
378,Acc_e2c404,601 Laguna Blvd. SW,NM,
341,Acc_ba781f,4021 Central Ave. NE,NM,
350,Acc_6e9c4b,201 Industrial Way Suite C,CA,
7,Acc_a89183,221 Shelby St.,NM,
57,Acc_99c964,108 Rio Grande Blvd. NW,NM,
140,Acc_fd6de4,19 Hillside Ave,NJ,
217,Acc_d464ed,23 The Embarcadero,CA,
59,Acc_321e65,322 Garfield St.,NM,
293,Acc_b52221,838 Aqua Fria St.,NM,
132,Acc_a9b2eb,409 Central Ave. NW,NM,
53,Acc_5173a0,1017 Paseo Del Pueblo Norte,NM,
390,Acc_52706f,P.O. Box 2542,CA,
16,Acc_cf6d70,123 Bent St.,NM,
169,Acc_4e31e1,451 W. Alameda St.,NM,
23,Acc_b4c87c,424 Central Ave. SE,NM,
165,Acc_f11964,4959 Pan American Freeway NE,NM,
172,Acc_4347e2,6910 Montgomery NE,NM,
153,Acc_b95431,315 Gold Avenue SW,NM,
266,Acc_92a110,3201 El Segundo Blvd,CA,
125,Acc_4c0d33,1807 2nd Street #1,NM,
182,Acc_56d608,P.O. Box 196,CA,
298,Acc_50405a,300 North Main St.,NM,
219,Acc_029222,P.O. Box 1930,OR,
105,Acc_d268d7,120 Bent Street,NM,
90,Acc_adb275,23924 Territorial Hwy.,OR,
324,Acc_e9b8a1,416 Aqua Fria,NM,
250,Acc_12ae53,1200 Country Club Road,NM,
209,Acc_5212df,1297 Bishop's Lodge Road,NM,
202,Acc_531e13,P.O. Box 508,NM,
382,Acc_866ff2,509 Central NW,NM,
199,Acc_171934,8400-B Pan American NE,NM,
111,Acc_d6486c,4056 Cerrillos Rd.,NM,
127,Acc_aa87f5,133 Water Street,NM,
221,Acc_2c08d4,242 Los Pinos Road,NM,
343,Acc_450aa8,333 Cordova Road,NM,
366,Acc_913b13,328 Ingalls Street,CA,
371,Acc_14ccb5,,,
344,Acc_ddb5f1,3001 Central Ave. NE,NM,
3,Acc_13886e,1353A Paseo del Pueblo Sur,NM,
138,Acc_89e549,"2088 Union Street, Unit 2",CA,
261,Acc_afbad7,630 Broadway,NM,
37,Acc_38ebda,8 Old Hill Ranch Rd.,CA,
299,Acc_8ffe92,5031 Montgomery Blvd SPC,NM,
218,Acc_2ac257,3777A Cerrillos Rd.,NM,
116,Acc_a96993,301 Jefferson St.,NM,
86,Acc_e0b413,110 Sutton Place,NM,
163,Acc_3a34d6,131 Gold Ave SW,NM,
36,Acc_39acba,P.O. Box 1007,CA,
365,Acc_9846ca,112 Camino de la Plaza,NM,
410,Acc_94c0af,500 Sandoval,NM,
262,Acc_14aa38,320 S. Guadalupe St.,NM,
22,Acc_d7b9db,31 Burro Alley,NM,
6,Acc_30309a,121 Don Gaspar,NM,
78,Acc_4dfe97,4238 Aqua Fria,NM,
128,Acc_3f2e57,133 Paseo del Pueblo Norte,NM,
289,Acc_ffb8ab,,,
311,Acc_64798c,301 Central Ave. NW,NM,
157,Acc_e5faad,125 East Water Street,NM,
316,Acc_4483c4,408 Central Ave SW,NM,
251,Acc_e83a56,5801 Gibson SE,NM,
102,Acc_e341e5,4939 Pan American Freeway,NM,
120,Acc_f484b7,500 Country Club Dr.,NM,
388,Acc_7d8781,P.O. Box 3125,CA,
369,Acc_0ab909,1014 Paseo del Pueblo Sur,NM,
375,Acc_e4f7c1,119 San Pasquale SW,NM,
323,Acc_91e12b,1014 Paseo del Pueblo Sur,NM,
401,Acc_b60979,68 Cities of Gold Road,NM,
95,Acc_661352,903 Old Pecos Trail,NM,
383,Acc_6d5cc0,1805 Second Street,NM,
409,Acc_47fe91,1414 Central SE,NM,
48,Acc_826c2e,On the Slopes,NM,
115,Acc_b2fd7a,7 Avenida Vista Grande,NM,
170,Acc_b540eb,10051 Coors Blvd.,NM,
236,Acc_bcb30f,1504 Central Ave.,NM,
242,Acc_bdafe5,515 E. Main St.,NM,
30,Acc_eab97d,3301 Menaul NE,NM,
45,Acc_eab1f9,"4250 Cerrillos Rd., Ste. 1220",NM,
352,Acc_0079c9,3601 Old Airport Ave. NW,NM,
412,Acc_da2aa2,9955 Coors Bypass,NM,
168,Acc_beee4b,500 Eubank NE,NM,
112,Acc_ed9233,1420 Renaissance Blvd.,NM,
225,Acc_4a8e84,930 Bacca St.,NM,
123,Acc_7dbfdd,319 So. Guadalupe,NM,
8,Acc_f2c9d9,132 West Water St.,NM,x
203,Acc_9b96ce,6 Thunderbird,NM,
328,Acc_b95090,,CA,
355,Acc_4942cf,3000 San Pedro Dr. NE,NM,
300,Acc_78e0b2,85 Sheehy Court,CA,
303,Acc_19caf2,P.O. Box 147,MA,
268,Acc_977d53,P.O. Box 147,MA,
392,Acc_f97037,915 W. Alameda Street,NM,x
214,Acc_7d5066,P.O. Box 2421,CA,
393,Acc_323025,4048 Cerrillos Rd.,NM,
329,Acc_82cdaf,c/o Wine Country Accounting,CA,
176,Acc_64956f,705 Douglas Ave.,NM,
142,Acc_b7a89b,P.O. Box 1882,CA,
237,Acc_cc89cf,106 N. Guadalupe,NM,
156,Acc_d41fe0,21443 North 23rd Ave.,AZ,
212,Acc_1d8cba,555 8th Avenue,NY,
271,Acc_ad869d,2355 Calle de Guadalupe,NM,
52,Acc_4d7bc7,Pueblo Alegre Mall,NM,
70,Acc_9f92f5,402 Paseo del Pueblo Norte,NM,
360,Acc_2b0d6f,PO Box 429,OR,
41,Acc_d98d93,435 Petaluma Avenue,CA,
364,Acc_9e34aa,21 Railroad Ave. Suite 32,NY,
292,Acc_8a4ccc,106 Sutton Place,NM,
367,Acc_5c9ac1,707 California Street,NM,
13,Acc_c3754c,808 Canyon Rd.,NM,
376,Acc_081da6,116 W. San Francisco Street,NM,
50,Acc_38f112,213 Washington Ave,NM,
29,Acc_cc4c7c,317 Kit Carson Rd.,NM,x
159,Acc_3865b7,1578 Bishop's Lodge Road,NM,
307,Acc_7ed1eb,622 Central SW,NM,
231,Acc_e64353,819 Paseo del Pueblo Sur,NM,
60,Acc_c0a710,309 West San Francisco,NM,x
129,Acc_186c57,7 Avenida Vista Grande,NM,
422,Acc_32e2d3,2240 Louisisna Blvd NE,NM,
255,Acc_8ff505,14 Lanier,CO,
335,Acc_b72c3a,98 E. Hwy 380,NM,
414,Acc_959383,1000 Woodward Place NE,NM,
357,Acc_29c949,Highway 68 Driveway 1101,NM,
270,Acc_88029e,1480 East Main Ave.,CA,
318,Acc_009792,525 E Broadway,NM,
391,Acc_7050fc,P.O. Box 7,CA,
58,Acc_315420,106 Desgeorges Lane,NM,
386,Acc_1520a2,65 Cours Saitn Louis,,
368,Acc_513ace,200 W. San Francisco St.,NM,
144,Acc_4fe4d0,P.O. Box 4671,CO,
406,Acc_04c9f4,4901 McLeod NE,NM,
310,Acc_813dac,911 Four Hills Road SE,NM,
11,Acc_8c8909,135 West Palace Ave. Level 3,NM,
426,Acc_8398de,4 Banana Lane,NM,
259,Acc_fc1bb4,1300 Avenida de Mesilla #200,NM,
314,Acc_aab5f6,#9 La Vega Rd,NM,
186,Acc_970754,,,
277,Acc_538677,311 Old Santa Fe Trail,NM,
340,Acc_1c6908,5801 Academy NE,NM,
152,Acc_45050b,3500 Central Ave. SE,NM,
2,Acc_73ff4f,724 Canyon Rd.,NM,
280,Acc_b50901,218 Gold St. SW,NM,
402,Acc_9f762c,10-C Cities of Gold Road,NM,
427,Acc_9ef498,106 Paseo del Pueblo,NM,
113,Acc_e9fe4e,122 Grant Ave.,NM,
349,Acc_20fc72,7347 Lockport Place,VA,
234,Acc_68f301,3375 Highway drive,NM,
389,Acc_f75dd8,P.O Box 3125,CA,
56,Acc_f11811,3128 Central SE,NM,
154,Acc_a8394d,1550 Tramway Blvd NE,NM,
265,Acc_063004,"TNC Wine Partners, LTD",CA,
173,Acc_a9fdef,1851 Saint Michaels Drive,NM,
396,Acc_b95c0d,12165 North Hwy 14,NM,
282,Acc_868452,4243 Montgomery,NM,
233,Acc_f34038,3201 Central Ave NE,NM,
253,Acc_0091dc,3995 West Picacho,NM,
288,Acc_bc7de2,422 Old Santa Fe Trail,NM,
54,Acc_c75092,480 Hwy. 150,NM,
275,Acc_097b1f,35040 SW Unger Road,OR,
137,Acc_084a24,P.O. Box 1802,CA,
79,Acc_f7cfc3,96B Old Las Vegas Highway,NM,
284,Acc_1e3e20,3810 Highway 14,NM,
174,Acc_80a45b,40 Tramway Road NE,NM,
424,Acc_7b2f71,1901 University Blvd,NM,
122,Acc_6670af,100 Sandoval St.,NM,
177,Acc_7eb64d,925 Camino Del Pueblo,NM,
417,Acc_95cbdd,5809 Juan Tabo NE,NM,
272,Acc_4b907a,705 S. Telshor,NM,x
193,Acc_b2622c,100 E. San Francisco,NM,x
135,Acc_c89f54,125 Washington Ave.,NM,
249,Acc_d2066f,1501 Paseo del Peralta,NM,
61,Acc_337f8e,Taos Ski Valley,NM,
178,Acc_d96b9c,210 Don Gaspar,NM,x
347,Acc_375632,1300 Tuyuna Trail,NM,
18,Acc_30adc9,95 W. Marcy St.,NM,
24,Acc_580185,3403 Central Ave. NE,NM,
19,Acc_bea3a4,11225 Montgomery Blvd.,NM,
32,Acc_77ebfe,321 W. San Francisco,NM,
418,Acc_0c6285,227 Don Gaspar,NM,
379,Acc_8e87fb,4515 Corrales Road,NM,
387,Acc_3e43a9,213 Nassau Street S,FL,
245,Acc_471718,211 Old Santa Fe Trail,NM,x
88,Acc_0331fe,303 East Alameda,NM,x
80,Acc_508049,113 Washington Ave.,NM,
200,Acc_7b3b89,101 W. Alameda,NM,
276,Acc_5ecfaa,233 Lincoln St,CA,
485,Acc_98a3e8,,,
118,Acc_f990aa,510 North Guadalupe St.,NM,
337,Acc_5951d6,8900 Holly Ave NE Ste 8,NM,
205,Acc_553f89,2801 Rodeo Road,NM,
43,Acc_019b4f,2525 Palmer Ave.,NY,
83,Acc_db6a16,106 South Plaza,NM,
33,Acc_46ccfc,3512 Lomas Blvd. NE,NM,x
130,Acc_318f18,554 Aqua Fria,NM,
286,Acc_4cfbbf,511 Old Santa Fe Trail,NM,
317,Acc_8ade8b,6124 4th Street NW,NM,x
348,Acc_e10057,11816 Central Ave. SE,NM,x
342,Acc_56d36c,1418 Juan Tabo Blvd. NE,NM,x
64,Acc_1da4d7,5850 Eubank Blvd. NE,NM,x
420,Acc_0b7b35,111 Rio Rancho Blvd,NM,x
73,Acc_201093,153B Paseo de Peralta,NM,x
109,Acc_45c787,9411 Coors Blvd. NW,NM,x
65,Acc_8bc311,2270 Wyoming Blvd. NE,NM,x
229,Acc_0f1f92,313 S. Guadalupe,NM,
5,Acc_8b08ae,34 Cities of Gold Rd,NM,x
327,Acc_8c76b5,72 West Marcy Street,NM,x
26,Acc_95ae11,125 East Palace Ave.,NM,
263,Acc_f6630b,400 San Felipe NW C-2,NM,
39,Acc_00d231,8211 Robin Rest,TX,
195,Acc_6a7b8d,1600 San Mateo Blvd NE,NM,
34,Acc_09fc03,330 East Palace,NM,
419,Acc_d3801b,2410 Calle de San Albino,NM,
180,Acc_85909e,150 White Cottage Road South,CA,
330,Acc_09501a,453 Laetitia Vineyard Drive,CA,
416,Acc_2579eb,6001 San Mateo,NM,
244,Acc_86885e,107B Juan Largo,NM,
10,Acc_020462,309 Paseo del Pueblo Sur,NM,
164,Acc_b9d12e,2411 Cerrillos Rd.,NM,
216,Acc_890cc7,P.O. Box 662,CA,
84,Acc_d943aa,437 Las Campanas Drive,NM,
361,Acc_11d309,PO Box 728,CA,
302,Acc_9644cf,12480 North Highway 14,NM,
362,Acc_6d52e6,2800 Sudderth De.,NM,
226,Acc_0f94bc,1431 Wyoming NE,NM,
315,Acc_b2e65e,402 N. Guadalupe St.,NM,
295,Acc_b3d912,211 W. San Francisco St.,NM,
258,Acc_26485f,405 Central NW,NM,
12,Acc_68af73,2885 Cerrillos Rd.,NM,
326,Acc_9f0898,2500 S. Valley Dr,NM,
363,Acc_8d4b6f,821 San Mateo,NM,
35,Acc_0a81a7,9777 Larkspur Lane,CA,
285,Acc_00aaec,3815 Highway 14,NM,
290,Acc_6bd467,1400 North Date,NM,
107,Acc_291813,5603 Menaul Blvd. NE,NM,
339,Acc_cd2cdb,2201 Q St NE,NM,
51,Acc_2360ee,618 Rio Grande NW,NM,
228,Acc_d8d940,555 W. Cordova Rd.,NM,
256,Acc_f7a9e8,P.O. Box 800,CA,
425,Acc_2c556d,544 B Agua Fria,NM,
89,Acc_ee45ba,18700 East River Rd.,CA,
269,Acc_1ac881,2011 Mountain Rd. NW,NM,
281,Acc_0de06e,1803 Avenida de Mesilla,NM,
141,Acc_2df091,575 Underhill Blvd,NY,
136,Acc_d8ff1d,P.O. Box 1465,CA,
191,Acc_f80a7f,3301 Coors Blvd,NM,
207,Acc_0ca5bd,3201 Central Ave. NE,NM,
108,Acc_4e7f52,1220 No. Highway 14,NM,
147,Acc_dede35,1494 Cerrillos Rd.,NM,
246,Acc_a1121d,710 Camino Lejo,NM,
264,Acc_c9b034,5900 Eubank NE,NM,
370,Acc_6df7c7,5920 Office Blvd NE,NM,
421,Acc_dbdb91,6000 Pan American Freeway,NM,
100,Acc_31c358,12216-B No. Hwy. 14,NM,
75,Acc_edd422,217 Johnson St.,NM,
404,Acc_5bcaff,4310 Central SE,NM,
353,Acc_20c144,103 I East Plaza,NM,
92,Acc_afeae7,5218 Lawton,CA,
405,Acc_317ef7,3109 Central NE,NM,
334,Acc_bc646f,25 De Boer Drive,NJ,
397,Acc_0d70a3,3501 Zafarano Road,NM,
161,Acc_b79244,58 S. Federal Place,NM,
101,Acc_76a571,913 Hickox St.,NM,
267,Acc_53741b,4441 Westside Road,CA,
183,Acc_2785a5,5011 Pan American Fwy NE,NM,
158,Acc_c24222,10035 Country Club Lane,NM,
167,Acc_ea301f,331 Sandoval,NM,
77,Acc_5360f6,72 West Marcy,NM,
106,Acc_07c4c9,406 Old Santa Fe Trail,NM,
227,Acc_6fce15,288 Prarie Star Rd.,NM,
1,Acc_e67d39,321 Johnson St,NM,
93,Acc_df6488,280 Utah Street,CA,
198,Acc_3f68f5,88 Highway 150,NM,
235,Acc_8a2103,3101 Old Pecos Trail,NM,
20,Acc_b8c468,3700 Ellison NW,NM,
47,Acc_121414,4516 Wyoming NE,NM,
291,Acc_03e8cf,801 Yale Blvd SE,NM,
287,Acc_7688bc,530 S. Guadalupe St.,NM,
377,Acc_c85dc8,500 Rodeo Rd.,NM,
151,Acc_5032c2,109 4th St. NW,NM,
394,Acc_6fd8c7,205 Jim Oswalt Way,CA,
21,Acc_5f4483,R.R. #34020,NM,
210,Acc_eee22a,4800 Amber Lane,CA,
222,Acc_b2c543,120 Nelson Lane,NM,
175,Acc_d5db00,405 S. Grand St.,NM,
25,Acc_80fe58,414 Old Santa Fe Trail,NM,
304,Acc_c6a69f,548 Aqua Fria St.,NM,
42,Acc_c3bf91,P.O. Box 860,CA,
213,Acc_435649,P.O. Box 303,CA,
381,Acc_db7edd,2434 Cerrillos Road,NM,
190,Acc_ee173f,2801 Rodeo Rd.,NM,
283,Acc_a69a34,122 Dona Luz,NM,
313,Acc_80ecc6,60 E. San Francisco St.,NM,
133,Acc_15856d,402 North Guadalupe,NM,
413,Acc_0b7539,2611 N Telshore Blvd,NM,
38,Acc_cf67de,4525 Slusser Rd.,CA,
15,Acc_4579e6,470 State Hwy. 150,NM,
325,Acc_4cd0fc,503 S. Riverside Dr.,NM,
99,Acc_c23b5b,50 E. San Francisco St.,NM,
407,Acc_a07f48,30 Rainbow Rd NE,NM,
179,Acc_dbf5cf,121 Aviation Drive Unit #6,NM,
67,Acc_93e611,187 Paseo de Peralta,NM,
278,Acc_df879f,500 Sandoval,NM,
117,Acc_b9f346,510 Galisteo,NM,
189,Acc_7d3afe,4360 Country Club Drive,NM,
204,Acc_a0342f,235 Don Gaspar Ave.,NM,
49,Acc_7f433b,231 Washington Ave.,NM,
305,Acc_d124ed,1231 N. Ellis Street,IL,
346,Acc_1ed46a,10601 Montgomery Blvd,NM,
31,Acc_388b3c,3500 Central SE,NM,
312,Acc_6b619d,5500 Academy NE,NM,
351,Acc_02d151,6101 Moon NE Suite 4000,NM,
224,Acc_a9a694,2031 Mountain Rd NW,NM,
69,Acc_ba8ea3,1814 Second St.,NM,
320,Acc_76cbd9,330 A Paseo de Pueblo,NM,
121,Acc_5c95f6,800 Rio Grande NW,NM,
208,Acc_098cf6,321 Johnson St,NM,
162,Acc_009739,1001 Pen Road,NM,
201,Acc_de9d70,Santa Fe Ski Area,NM,
223,Acc_7fc557,1530 A Tramway Blvd NE,NM,
297,Acc_b61c92,515 Slate Ave. NW,NM,
119,Acc_6517bc,114 W. San Francisco St.,NM,
134,Acc_da03fb,802 Canyon Rd.,NM,
181,Acc_0214de,"2027 Village Lane, #203",CA,
197,Acc_415a7e,123 Montano Rd NW,NM,
332,Acc_fcef05,815 A Early Street,NM,
40,Acc_4a0c9e,P.O. Box 991,CA,
252,Acc_8ea334,901 Rio Grande NW,NM,
27,Acc_d6252f,101 Stakeout Drive,NM,
66,Acc_4edf46,104B Old Las Vegas Hwy.,NM,
322,Acc_424b82,3242 Cerrillos Rd.,NM,
395,Acc_cffd02,PO BOX #182,CA,
373,Acc_efdbfc,8201 San Pedro Blvd. NE,NM,
110,Acc_4b6fa0,10701 Corrales Blvd. NW,NM,
232,Acc_3c2de6,1501 Sunport Place SE,NM,
103,Acc_0cde6e,52 Old Las Vegas Hwy.,NM,
338,Acc_a252c4,1274 Golf Club Rd,NM,
139,Acc_315b19,125 Refugio Road,CA,
296,Acc_38c19c,632 Agua Fria,NM,x
403,Acc_c928d5,118 Central Ave SW,NM,
196,Acc_b8f530,88 Louisiana Blvd SE,NM,
63,Acc_4147f1,10801Academy Rd. NE,NM,
96,Acc_89b84d,54 Golf Course Rd.,NM,
17,Acc_9bd739,125 Paseo del Pueblo Norte,NM,
28,Acc_f89b71,712 Paseo del Norte,NM,
97,Acc_1fa40d,,NM,
230,Acc_2611e1,1119 Alameda NW,NM,
359,Acc_a69686,PO Box 41,CA,
184,Acc_b749e9,300-A College Avenue,CA,
155,Acc_36bd6b,138 Tesuque Village Rd.,NM,
254,Acc_246789,212 Netz Drive,NM,
145,Acc_bda0ba,"5200 Eubank NE, Suite B5",NM,
166,Acc_53dbf9,PO Box 653,NM,
150,Acc_1a791e,3450 East Main St.,NM,
124,Acc_c43f1b,731 Canyon Rd.,NM,
46,Acc_441bac,653 Canyon Rd.,NM,
241,Acc_8c169f,7220 Lomas Blvd. NE,NM,
148,Acc_19de7a,115 4th Street NW,NM,
374,Acc_9acfa0,86 Cities of Gold Road,NM,
319,Acc_ad67f3,"600 Central Ave, SE Suite A",NM,
415,Acc_72baea,312 Central SW,NM,
146,Acc_d5763b,1901 St. Michaels Dr.,NM,
273,Acc_c0a137,1275 W. Picacho,NM,
260,Acc_6840a6,900 S Telshor Boulevard,NM,
274,Acc_440794,855 S. Valley Drive,NM,
423,Acc_0fdc06,750 St Francis Dr,NM,
309,Acc_d06fb0,4200 Central Ave. SE,NM,
239,Acc_e15cfc,221 Hwy 165 Suite A,NM,
14,Acc_f04a42,Mile Marker One,NM,
240,Acc_60d2f2,50 Lincoln Ave,NM,
76,Acc_ba7df0,142 West Palace,NM,
160,Acc_72fdf8,925 Camino Del Pueblo,NM,
188,Acc_8dec84,2200 Menaul NE,NM,
187,Acc_3ecb7f,4401 Wyoming NE,NM,
243,Acc_53f899,48 North Angel Fire Rd.,NM,
192,Acc_ebd2c1,113 1/2 Palace Ave.,NM,x
308,Acc_3ec4f7,320 Central SE,NM,
294,Acc_758445,304 Mechem Dr.,NM,
85,Acc_524882,,NM,
82,Acc_744ad6,105 Sutton,NM,
380,Acc_0cb8c5,411B West Water Street,NM,
398,Acc_eb1435,1015 Pen Road,NM,
335,Acc_3eabb9,1671 Belle Isle Ave,SC,
257,Acc_28824c,1701 E. University #1,NM,
81,Acc_541be6,Paseo del Pueblo Sur,NM,
74,Acc_fc11ba,304 Johnson St.,NM,
248,Acc_ff90e7,5415 Academy Rd NE,NM,
185,Acc_d0873b,12165 North Highway 14,NM,
408,Acc_fe6969,110 Central,NM,
71,Acc_79958c,221 North Guadalupe,NM,
220,Acc_df223a,3211 Central Ave.,NM,
399,Acc_52c918,6601 Uptown Blvd. NE,NM,
94,Acc_a51dbb,1330 Lincoln Ave.,CA,
385,Acc_916ebb,52 Pioneer St,NY,
72,Acc_b7086d,434 West San Francisco,NM,
384,Acc_e9f649,PO Box 440,CA,
143,Acc_d78ee2,1811 West Bryn Mawr,IL,
333,Acc_0feb00,,,
91,Acc_42a2b8,"One Harbor Drive, Ste. 112",CA,
336,Acc_8a78a7,5031 Tacony St,PA,
345,Acc_ffc89d,1480 Glade Gulch Rd,CO,
358,Acc_31ca9c,2800 Jennifer Street NW,DC,
62,Acc_c7e323,3118 Central Ave. SE,NM,
301,Acc_b39291,8506 Owen lake Court,TX,
98,Acc_fcb082,1398 Weimer rd.,NM,
400,Acc_c28e15,4201 Montano NW,NM,
9,Acc_e94947,5815 Wyoming Blvd.,NM,x
4,Acc_dcab33,753 Cerrillos Rd.,NM,x
126,Acc_9823a1,6300 A San Mateo,NM,
131,Acc_ce487e,2100 Carlisle Blvd. NE,NM,x
114,Acc_71b071,1090 South St. Francis Dr.,NM,
171,Acc_8e7662,401 S. Guadalupe St.,NM,
215,Acc_5b4ad0,P.O. Box 910,CA,
306,Acc_b165d5,7520 North Caldwell,IL,
321,Acc_778588,919 W Alameda St,NM,
194,Acc_c9e494,4800 Monbtgomery Blvd NE,NM,
238,Acc_a462c4,326 Guadalupe,NM,
104,Acc_b24e26,3009 Central Ave. NE,NM,
428,Acc_a9813d,4300 Cerrillos Rd,NM,x
429,Acc_31198a,3128 Central SE,NM,
430,Acc_71daa8,,NM,
431,Acc_009036,18200 Lewis Rogers Lane,OR,
432,Acc_c2a008,654 Kendall Road,OR,
433,Acc_eac157,PO Box 343,CA,
434,Acc_f0e93c,PO Box 1099,CA,
435,Acc_4be53e,2400 Juan Tabo NE,NM,
436,Acc_7c74bc,4800 San Mateo Blvd,NM,
437,Acc_da0ae0,6300 San Mateo Blvd NE,NM,
438,Acc_d69627,600 N Guadalupe St,NM,
439,Acc_d352cf,,,
440,Acc_46565f,905 Alarid St,NM,x
441,Acc_8408b7,3706 National Parks Highway,NM,
442,Acc_d3a4c3,,,
443,Acc_943906,,,
444,Acc_232ec4,1720 Ridgecrest Dr SE,NM,
445,Acc_fb12fa,2846 Hwy 14,NM,
446,Acc_2edace,,,
447,Acc_631224,198 State Road 592,NM,
448,Acc_f5cc1c,819 E Montecito Street,CA,
449,Acc_bb79e0,478 36th Avenue,CA,
450,Acc_f88c01,PO Box 10667,CA,
451,Acc_2ba197,3101 & 3103 Central Ave NE,NM,
452,Acc_48d5fd,,,
453,Acc_d91298,55 C Canada del Rancho,NM,
454,Acc_e58c9f,125 East Palace,NM,
455,Acc_846a79,1160 Oak Knoll Avenue,CA,
456,Acc_7f3c86,,,
457,Acc_e7dcd4,403 1/2 Guadalupe,NM,
458,Acc_5fdd62,311 W. Fox St.,NM,
459,Acc_1eaad7,"4440 The 25th Way, NE",NM,
460,Acc_33f82d,,,
495,Acc_8fc373,42 Memorial Plaza,NY,
462,Acc_8c8101,30 Buffalo Thunder Trail,NM,
463,Acc_99f342,,,
464,Acc_9a47e2,6855 4th St,NM,
465,Acc_4fd4f1,4201 Rodeo Road,NM,
466,Acc_c6b68a,300 Eubank Blvd NE,NM,
467,Acc_695d1a,1421 Renaissance Blvd NE,NM,
468,Acc_3432e0,10600 Coors Blvd Bypass NW,NM,
469,Acc_a82e49,803 Paseo del Pueblo Noprte,NM,
470,Acc_25b5aa,5112 Lomas Blvd,NM,
471,Acc_c6e2c8,,,
472,Acc_7b3d34,1574 S Santa Fe Rd,NM,
473,Acc_2312c4,428 Agua Fria,NM,
474,Acc_44316f,510 Central Ave SE,NM,
475,Acc_f75c08,1000 Lodi Lane,CA,
476,Acc_675f30,1420 S. Mills Avenue Suite B,CA,
477,Acc_ebdcff,230 5th Avenue,NY,
478,Acc_cd73a0,1663 Mission Street,CA,
479,Acc_b835f7,15155 NE North Valley Road,OR,
480,Acc_6b6277,12216 N Highway 14,NM,
481,Acc_87a142,,,
482,Acc_996dd7,,,
483,Acc_398a4f,,,
484,Acc_4514df,,,
486,Acc_063160,,,
487,Acc_54625b,929 S. Brand Blvd.,CA,
488,Acc_aa43d0,460-A North Riverside Dr.,NM,
489,Acc_66029d,5 Bisbee Court,NM,
490,Acc_67e6ff,5901 Central NE,NM,
491,Acc_492d14,,,
492,Acc_7f2fd8,228 Old Santa Fe Trail,NM,
493,Acc_f77c78,709 Don Cubero Alley,NM,
494,Acc_ab8b08,5400 Sevilla Ave,NM,
496,Acc_890b48,221 Highway 165,NM,
497,Acc_032e38,,,
498,Acc_c072b6,,,
499,Acc_c632f8,,,
500,Acc_fe73ff,1431 Wyoming NE,NM,
501,Acc_575dff,480 State Road 150,NM,
502,Acc_fc4cbb,9955 Coors Bypass,NM,
503,Acc_05d309,500 Eubank NE,NM,
504,Acc_3d5985,1420 Renaissance Blvd.,NM,
505,Acc_500bc9,470 State Highway 150,NM,
506,Acc_6453b1,6905 Spring Valley Rd NW,OR,
507,Acc_85ee78,,,
508,Acc_912194,4541 Corrales Road,NM,
509,Acc_19b45c,1903 Coors Rd SW,NM,x
510,Acc_23d31e,108 Rio Grande NW,NM,
511,Acc_2c4f16,88 Ski valley Rd (Hwy 150),NM,
512,Acc_87bf0e,5920 E. Main,NM,
513,Acc_184324,130 Palace Ave,NM,
514,Acc_c32d18,,,
515,Acc_f7bbfa,330 Tijeras NW,NM,
516,Acc_6b96fb,401 Guadalupe,NM,
517,Acc_ef9de3,1240 Highway 14 North,NM,
518,Acc_540256,945 W Alameda,NM,
519,Acc_2ff262,199 Paseo del Peralta,NM,
520,Acc_e80865,6300 A San Mateo,NM,
521,Acc_85497b,5021 Pan American Freeway,NM,
522,Acc_c39cc7,821 W San Mateo Rd,NM,
523,Acc_eaf904,"8157 Gibson Blvd SE, Building 20147",NM,
524,Acc_2fda2e,125 2nd Street,NM,
525,Acc_1772bd,10701 Coors Rd NW,NM,
526,Acc_90c34a,5775 Country Club Dr,NM,
527,Acc_9a83e2,,,
528,Acc_0910e9,1628 Walnut Street,CO,
529,Acc_aebb1d,1017 Paseo del Pueblo Norte,NM,
530,Acc_9201b0,227 Galisteo St,NM,
531,Acc_5a4791,,,
532,Acc_08d454,,,
533,Acc_3635dd,,,
534,Acc_699703,,,
535,Acc_ba9f70,6300 San Mateo Blvd NE,NM,x
536,Acc_795e31,1300 W. Navajo,NM,
537,Acc_07b25d,4200 Central Ave SE,NM,
538,Acc_314ec1,4500 East Main,NM,
539,Acc_063499,2711 North Telshor Blvd,NM,
540,Acc_09a3a1,1483 130th Avenue N.E.,WA,
541,Acc_4da9b2,,,
542,Acc_368f42,6910 Montgomery Blvd NE,NM,
543,Acc_2de81d,311 Old Santa Fe Trail,NM,
544,Acc_8f62fd,35 S Spokane St,WA,
545,Acc_daed5f,3201 Zafarano Dr.,NM,
546,Acc_274fe4,,,
547,Acc_4e83f2,,,
548,Acc_c337cc,228 Gold Ave SW,NM,
549,Acc_926c51,624 Old Las Vegas Highway,NM,
550,Acc_21109a,2620 Hot Springs Blvd,NM,
551,Acc_b33c68,229 Galisteo St.,NM,
552,Acc_44e061,418 Cerillos Rd #6,NM,
553,Acc_2e1b34,3304 Juan Tabo NE,NM,
554,Acc_a5e786,3500 E. Main,NM,
555,Acc_a4a30c,55 Canada del Rancho,NM,
556,Acc_7de39b,526 Galisteo St,NM,
557,Acc_d28457,PO Box 862,CA,
558,Acc_1683fd,103 E Plaza,NM,
559,Acc_3c78e5,3534 Bagley Ave N,WA,
560,Acc_e10da5,,,
561,Acc_5bbd9c,"1129 Northern Blvd, Suite 410",NY,
562,Acc_b29c36,11205 Montgomery Blvd NE,NM,
563,Acc_0b1f97,11372 Winter Moon Way,CA,
564,Acc_c510ed,101 W Marcy,NM,
565,Acc_f9ca11,"3201 Southern Blvd, SE",NM,
566,Acc_312389,,,
567,Acc_356ea3,1936 Eubank Blvd,NM,
568,Acc_0ed07a,200 N Bullard St,NM,
569,Acc_a6197d,Highway 180 East,NM,
570,Acc_d13ebd,204 N Guadalupe St,NM,
571,Acc_6d1284,28 Lodge,NM,
572,Acc_5cc96a,510 N Bullard,NM,
573,Acc_848849,1 Ardovino Drive,NM,
574,Acc_63971c,933 West Main Street,NM,
575,Acc_5f7ea0,110 Yale Blvd,NM,
576,Acc_ce04dd,602 N Bullard St,NM,
577,Acc_70d833,1750 Calle de Mercado # 4,NM,
578,Acc_b3848d,2501 Cerrillos Rd,NM,
579,Acc_362d51,111 East College Avenue,NM,
580,Acc_dccc72,6521 Paradise,NM,x
581,Acc_2329a8,10701 Corrales Rd NW,NM,
582,Acc_95aa38,5409 Gibson Blvd SE,NM,
583,Acc_bfd96d,6132 4th St NW,NM,
584,Acc_3e8012,1430 Carlisle NE,NM,
585,Acc_c99ad6,1222 Sunland Park Drive,NM,
586,Acc_0941f4,4320 The 25 Way NE,NM,
587,Acc_3b8590,,,
588,Acc_5c15a4,2827 N. Dal Paso,NM,
589,Acc_4e5c3f,120 Nelson Lane,NM,
590,Acc_cc1056,3916 Central SW,NM,
591,Acc_1a43a7,500S. Telshor Blvd,NM,
592,Acc_519562,6555 NE Hilltop Lane,OR,
593,Acc_c49bfd,PO Box 253,CO,
594,Acc_074350,PO Box 1437,CO,
595,Acc_75716d,,,
596,Acc_065ac6,4128 21st Ave. South,MN,
597,Acc_4af3fc,1325 Arch St,CA,
598,Acc_4e0dae,P Box 111,WA,
599,Acc_7c74d9,6600 Central Ave SW,NM,
600,Acc_f8b54c,4950 Montgomery Blvd NE,NM,
601,Acc_aa613d,2910 Juan Tabo NE,NM,
602,Acc_5bc202,13150 Central Ave SE,NM,
603,Acc_6223ca,2801 Eubank Blvd NE,NM,
604,Acc_1fbcd9,8110 Ventura NE,NM,
605,Acc_6d4344,11825 Lomas NE,NM,
606,Acc_6e31f4,7101 Wyoming Blvd NE,NM,
607,Acc_9153a3,12201 Academy Rd NE,NM,
608,Acc_a38321,6200 Coors,NM,
609,Acc_213c87,10131 Coors,NM,
610,Acc_fec8a1,1625 Rio Bravo Blvd,NM,
611,Acc_ca5d6c,7800 Enchanted Hills,NM,
612,Acc_59349b,3301 Southern Blvd,NM,
613,Acc_e58ce7,4300 Ridgecrest Dr SE,NM,
614,Acc_3b01ad,2351 Main St SE,NM,
615,Acc_c9bdae,2501 N Main,NM,
616,Acc_e2b878,2551 E Loman,NM,
617,Acc_2e6098,1285 S El Paseo Rd,NM,
618,Acc_49f371,3542 Zafarano Dr,NM,
619,Acc_4473a2,3001 S St Francis,NM,
620,Acc_250450,Paseo del Sur,NM,
621,Acc_26137b,4410 Q Wyoming Blvd.,NM,
622,Acc_a28bd4,4909 E Main,NM,
623,Acc_bb4e4f,N Prince,NM,
624,Acc_06c8c7,808 N Canal,NM,
625,Acc_645932,2402 N Grimes,NM,
626,Acc_e23bd7,11105 Main St,NM,
627,Acc_ebce97,1702 E 66th St,NM,
628,Acc_ce9e24,825 Walnut Ave,CA,
629,Acc_5b761d,"200 Market Ave. N, Ste 210",OH,
630,Acc_ba5dcd,"6225 4th St., NW",NM,
631,Acc_30524f,"1129 Northern Blvd., Suite 201E",NY,
632,Acc_fdea8d,11500 Menaul NE Ste. J and K,NM,
633,Acc_072b07,2401 San Pedro NE,NM,
634,Acc_f77c4f,5700 4th Street NW,NM,
635,Acc_4d48da,,,
636,Acc_7b5ec5,3462 Zafarano Drive,NM,
637,Acc_167264,3450 E. Main Street,NM,
638,Acc_03887d,3755 Southern Blvd.,NM,
639,Acc_5a2d3c,40 West 37th Street,NY,
640,Acc_6e8bbb,,,
641,Acc_1a47a4,,,
642,Acc_3b4282,,,
643,Acc_aad449,150 East De Vargas St.,NM,
644,Acc_744454,PO Box 407,CA,
645,Acc_31e060,1160-B Hopper Ave.,CA,
646,Acc_85e511,32 Main St.,NM,
647,Acc_126d38,"2220 Louisiana Blvd.,NE",NM,
648,Acc_d1dd4e,4038 Big Ranch Road,CA,
649,Acc_b6f2b4,428 Agua Fria,NM,
650,Acc_2c3eb6,1435 Eubank Blvd. NE,NM,
651,Acc_21c2e5,,,
652,Acc_81e9e0,3781 Cerrillos Rd,NM,
653,Acc_ed5304,3781 Cerrillos Rd,NM,
654,Acc_4b95a1,601 Juan Tabo Boulevard NE,NM,
655,Acc_9266a3,601 Juan Tabo Boulevard NE,NM,
656,Acc_5accc7,10500 Coors Blvd By-Pass NW,NM,
657,Acc_f4a88e,10500 Coors Blvd By-Pass NW,NM,
658,Acc_8f6bc0,6301 San Mateo Blvd,NM,
659,Acc_bff680,6301 San Mateo Blvd,,
660,Acc_c16826,5150 East Main Street,NM,
661,Acc_df65da,5150 East Main Street,NM,
662,Acc_13bbf2,100 N Telshor Blvd,NM,
663,Acc_302e0a,100 N Telshor Blvd,NM,
664,Acc_78ba43,50 Lincoln Avenue,NM,
665,Acc_c5cbb8,1830 S. Kirkland Ste 105,TX,
666,Acc_17c09c,"6482 Mirabel Road, Unit 11",CA,
667,Acc_d19b77,"4214 Central Avenue, SE",NM,
668,Acc_021caa,5300 Sequoia Road NW,NM,
669,Acc_7b2885,4915 Orcutt Rd.,CA,
670,Acc_b039f2,142 West Palace Avenue,NM,
671,Acc_389183,2100 Louisiana Avenue,NM,
672,Acc_4fdd42,530 S. Guadalupe Suite B,NM,
673,Acc_8172b7,2435 New Mexico 522,NM,
674,Acc_eb6ae8,PO Box 259,NM,
675,Acc_7aab39,119 Gold Avenue SW,NM,
676,Acc_5e4e1e,5151 San Francisco Road N.E.,NM,
677,Acc_c836ce,108 S. Plaza,NM,
678,Acc_b3a4d3,544 Agua Fria,NM,
679,Acc_cb11c8,3363 NE 163rd Street,FL,
680,Acc_db263d,4312 Coors S.W.,NM,x
681,Acc_7033b5,1903 Coors Blvd. S.W.,NM,x
682,Acc_2dcd44,1001 Adobe Road,NM,
683,Acc_eec355,2795 Emerson Ave.,CO,
684,Acc_c806f8,201 Highland Park Cir. SE,NM,
685,Acc_ffd156,4200 Wyoming,NM,
686,Acc_476822,"2241 Q St, Suite 7g",NM,
687,Acc_4ee359,55 Canada Del Rancho,NM,
688,Acc_692ef7,222 N. Court Ave,AZ,
689,Acc_972d43,"Highway 522 South, # 2372",NM,
690,Acc_943ffb,"10701 Corrales Rd, Suite 23",NM,
691,Acc_11ca64,"8850 Holly Avenue NE, Suite J",NM,
692,Acc_3d9e8a,218 Camino La Tierra,NM,x
693,Acc_57e124,300 N. Main Street,NM,x
694,Acc_df5818,"700 Larkspur Landing Circle, #208",CA,
695,Acc_20aa4d,5121 N Ravenswood Ave.,IL,
696,Acc_957fb0,"622 Paseo Del Pueblo Sur, Unit E",NM,
697,Acc_08f72b,3423 Central Avenue NE,NM,
698,Acc_1df208,"1512 Wyoming Blvd.,N.E.",NM,
699,Acc_61ceed,,,
700,Acc_20f479,1649 Bridge Blvd. SW,NM,
701,Acc_c35957,"2528 Sudderth Drive, Suite B",NM,
702,Acc_66e0ec,"2201 Uptown Loop Rd. NE, Suite 1A",NM,
703,Acc_ed1d0a,12174 Road G,CO,
704,Acc_19cda3,"407 Central Ave.,NW",NM,
705,Acc_70bad3,221 Shelby Street,NM,
706,Acc_4072cf,287 1st Street West.,CA,
707,Acc_5349eb,6320 Silverado Trail,CA,
708,Acc_fcdbb9,"6550 Holly Avenue NE, Suite D1",NM,
709,Acc_d8b8c5,20501 S. Tranquility Lane,OR,
710,Acc_2d1a84,7501 Paseo Del Norte,NM,
711,Acc_cd19a1,8917 4th St NW,NM,
712,Acc_5e9f0c,2401 12th Street NW,NM,
713,Acc_8aa2c6,21196 US Highway 84,NM,
714,Acc_9b47b4,4803 Rio Grande Blvd. NW,NM,x
715,Acc_0388d9,408 W. US Hwy. 550,NM,x
716,Acc_bace0f,3304 Longmire,TX,
717,Acc_299ff8,"1111 University Blvd.,SE",NM,
718,Acc_53b820,900 W Broadway,NM,
719,Acc_d1f714,"Mile Marker 98, U.S. Highway 380",NM,
720,Acc_b6dd69,2269 Chestnut Street $861,CA,
721,Acc_270f19,1810 Hwy 173,NM,
722,Acc_de35ba,,,
723,Acc_f5b4f2,649 Morgan Ave B-16-2,NY,
724,Acc_722572,"1251 Lincoln, Suite 117",NM,x
725,Acc_3c1e8f,5601 Highway 128,CA,
726,Acc_ffd025,"1150 W. 151st Street, Suite A",KS,
727,Acc_eaccf6,"744 1st Street, Building 33",NM,
728,Acc_c6ee61,"2100 Louisiana Blvd NE, Bldg 213",NM,
729,Acc_e71db8,10810 Inland Ave.,CA,
730,Acc_32b47e,1720 Central Avenue SW,NM,
731,Acc_5a0c5b,1512 Pacheco St,NM,
732,Acc_b1744f,1875 Foothills Lane,WA,
733,Acc_727a0a,3555 West 1500 South,UT,
734,Acc_3e4cb2,3500 E Main St,NM,
735,Acc_7b58e5,68 Cities of Gold Road,NM,
736,Acc_0c30e5,546 State Hwy 333,NM,
737,Acc_c4ed55,3360 River Road,CA,
738,Acc_92d5b6,1520 Deborah Rd. SE,NM,
739,Acc_d50ce1,10420 Coors Blvd Bypass NW,NM,x
740,Acc_92867f,"2500 Parkway Ave.,NE, Suite 104",NM,
741,Acc_69603b,7520 4th St.,NM,
742,Acc_44ed20,"221 HWY 165, Suite D",NM,
743,Acc_c72631,2500 Solano NE,NM,
744,Acc_f10f42,6701 Uptown Blvd NE,NM,x
745,Acc_453ae9,451 W. Alameda,NM,
746,Acc_f30f0b,945 North Plum Street,PA,
747,Acc_c260ba,"928 E Blanco Rd, Suite 200",CA,
748,Acc_e0f59d,"1000 Brickell Ave., Suite 915",FL,
749,Acc_c7bb8b,1550 South Valley Drive,NM,
750,Acc_e199f7,"901 West San Mateo, #4",NM,
751,Acc_ee606b,"3851 Rio Grande Blvd.,NW",NM,
752,Acc_e55bbc,123 Bent St.,NM,
753,Acc_0b49e9,103 Dundee Ave.,AZ,
754,Acc_92841f,10721 Montgomery Blvd. NE,NM,
755,Acc_00a767,11000 Boradway Blvd SE,NM,
756,Acc_318412,1016 W US HWY 150,NM,
757,Acc_0aafaf,P.O. Box 728,NM,
758,Acc_0b49e9,,,
759,Acc_e324f1,23 State Highway 50,NM,
760,Acc_4b6c45,264 S Camino Del Pueblo Hwy 313,NM,
761,Acc_4a4893,16253 S Hwy 84,NM,
762,Acc_9b9131,108A South plaza,NM,
763,Acc_0bf83e,"2404 Pueblo Bonito Ct.,NW",NM,
764,Acc_38cdeb,108-A South Plaza,NM,
765,Acc_2e3f6f,"800 Rio Grande Blvd., NW",NM,x
766,Acc_789b16,"1701 4th Street, SW",NM,
777,Acc_936b53,480 NM-150,NM,
767,Acc_577eb8,"119 Gold Avenue, SW",NM,
768,Acc_5b2c2b,304 Johnson Street,NM,
769,Acc_b37b96,112 Camino de la Placita,NM,
770,Acc_19fbd0,1515 Burnt Mill Road,NJ,
771,Acc_7aca25,"360 Swift Ave, Side B, Suite 9",CA,
778,Acc_7ff63e,"Blue Sun, LLC",NM,
772,Acc_2815f5,54 Jemez Canyon Dam Rd,NM,
779,Acc_219ed2,125 N. Guadalupe,NM,
780,Acc_182c51,3451 Hyde Park Road,NM,
773,Acc_f2a373,5600 Mickey Dr,NM,
774,Acc_973133,428 Agua Fria,NM,
775,Acc_f931d4,3503B Central Ave NE,NM,
781,Acc_8f15e0,3503 B Central Ave. NE,NM,
782,Acc_4f2c4b,,,
783,Acc_3e4c57,420 Central Avenue SW,NM,
784,Acc_a089c0,395 Bosque Farms Blvd.,NM,x
785,Acc_0295e9,"3407 Central Avenue, N.E.",NM,
786,Acc_9f782e,18365 NE Fairview Drive,OR,
787,Acc_584a73,1921 Record Crossing,TX,
788,Acc_863593,3700 Ellison Rd. NW,NM,
789,Acc_900be0,6501 Wyoming Blvd. NE,NM,
790,Acc_d21165,"56 Harrison Street, Suite 405",NY,
791,Acc_2f8697,229 Galisteo St.,NM,
792,Acc_af5270,155 Myles Standish Blvd,,
793,Acc_a8b6a8,"500 Redwood Blvd, Suite 200",CA,
794,Acc_995252,3850 E. Lohman Ave.,NM,x
795,Acc_e42ecf,409 W. Water St.,nm,
796,Acc_74c054,PO Box 862,,
797,Acc_d33ae2,,,
798,Acc_b53df5,1023 Limerick Lane,CA,
799,Acc_046909,,,
800,Acc_d2b70d,2929 Monte Vista Blvd NE,NM,
801,Acc_a13053,1403 Girard Blvd. NE,NM,
802,Acc_a966ec,30 Buffalo Thunder Trail,NM,
803,Acc_94be32,3403 Central Ave. NE,NM,
804,Acc_346f86,11225 Montgomery Blvd.,NM,
805,Acc_e857f2,10701 Coors Rd NW,NM,
806,Acc_eada81,225 Johnson St.,NM,
807,Acc_44e061,3470 Zafarano Drive Suite D-8,NM,
808,Acc_df4e79,One Laird Road,NJ,
809,Acc_9e98b8,PO Box 1776,CA,
810,Acc_52c8ef,730 St. Michaels Dr. # 3-RW,NM,
811,Acc_14041d,400-A Washington SE,NM,
812,Acc_8181d8,285 Bel Marin Keys Blvd,CA,
813,Acc_65a9fc,75 Chestnut Ridge Road,NJ,
814,Acc_baad4d,401 S Guadalupe,NM,
815,Acc_ad668c,222 N Guadalupe,NM,
816,Acc_58efcd,425 San Felipe N.W.,NM,
817,Acc_0ff488,"4310 Central Avenue SE, Ste. A",NM,
818,Acc_f3381e,"4217 Central Avenue, NE",NM,
819,Acc_87e223,PO Box 278780,CA,
820,Acc_8efd95,10551 Montgomery Blvd,NM,
821,Acc_a6ecfa,30 Buffalo Thunder Trail,NM,
822,Acc_e74292,905 36 Place NE,NM,
823,Acc_961ca8,"6910 Montgomery Blvd.,NE",NM,
824,Acc_7f14c7,4590 Corrales Rd,NM,
825,Acc_1eb47f,94 Cities of Gold Rd,NM,
826,Acc_aea07c,1761 Bellamah Ave Nw,NM,
827,Acc_3b703a,208 Galisteo,NM,
828,Acc_d6b5ee,101 W. Marcy Street,NM,
829,Acc_1832ec,116 Sutton Place,NM,
830,Acc_4e591a,116 Sutton Place,NM,
831,Acc_8d05a5,400 Washington SE,NM,
832,Acc_1d8a33,227 Galisteo St.,NM,
833,Acc_5dd8cb,PO Box 39,CA,
834,Acc_095e4e,75 Chestnut Ridge Road,NJ,
835,Acc_f602ad,,,
836,Acc_66994f,"75 Broadway, Suite 258",CA,
837,Acc_7c48b1,PO Box 3660,CA,
838,Acc_4c344f,329 West San Francisco Street,NM,
839,Acc_16ba3c,"6001 Winter Haven Road, NW",NM,
840,Acc_cf6d6e,551 W Cordova Rd,NM,
841,Acc_8eca08,217 East Palace Avenue,NM,
842,Acc_64ca4c,"6001 Winter Haven Road NW, Suite M",NM,
843,Acc_1caf84,2025 Nacimiento Lake Drive,CA,
844,Acc_3d8927,"2808 N. Telshore Boulevard, #2",NM,
845,Acc_aa5a5b,"330A Paseo Del Pueblo Sur, Suite A",NM,
846,Acc_0b3b99,303 Jones Street,NM,
847,Acc_c21f63,228 East Palace Ave,NM,
848,Acc_7198d2,112 Romero NW,NM,
849,Acc_70d833,1753 E. University Avenue,NM,
850,Acc_91b6ac,106 N. Texas Street,NM,
851,Acc_51422b,2004 Central Ave SE,NM,
852,Acc_cb6237,215 Central,NM,
853,Acc_38690f,125 washington,NM,
854,Acc_af459d,55 4th St.,CA,
855,Acc_3dcf25,1606 Alcaldesa Street,NM,
856,Acc_3689ec,2122 Central Avenue NE,NM,
857,Acc_a3fda0,,,
858,Acc_76df90,505 Cerrillos Rd Stuite A101,NM,
859,Acc_968e63,1005 St. Francis Drive,NM,
860,Acc_b29b4a,2110 S Pacheco St,NM,
861,Acc_c781e1,125 Washington Ave,NM,
862,Acc_91f498,2308 Cerrillos Rd,NM,
863,Acc_5780ac,224 Paseo Del Pueblo Sur,NM,
864,Acc_7d4228,200 Tramway Blvd SE,NM,
865,Acc_78c24a,1000 Rio Rancho Dr SE,NM,
866,Acc_9f144f,8301 Golf Course Rd NW,NM,
867,Acc_f106cf,8040 Academy Rd NE,NM,
868,Acc_e13143,8100 Wyoming Blvd NE,NM,
869,Acc_8a9336,4800 McMahon Blvd NW,NM,
870,Acc_cbbe7c,,,
871,Acc_a5ab81,4700 Tramway Blvd NE,NM,
872,Acc_02c9b0,600 E 20th St,NM,
873,Acc_f0f5fe,6125 4th St NW,NM,
874,Acc_1db00b,2 B State Road 344,NM,
875,Acc_ed28e3,31 Sherwood Blvd,NM,
876,Acc_8c7bdf,751 Trinity Drive,NM,
877,Acc_f2e490,170 Market Street,MA,
878,Acc_95b83f,100 State Rd 150,NM,
879,Acc_a75137,5850 Eubank Blvd NE,NM,
880,Acc_de3de9,3701 Constitution Ave NE,NM,
881,Acc_67b805,722 Lomas Blvd NW,NM,
882,Acc_cd6184,"550 Gateway Drive, Ste 220",CA,
883,Acc_1916f0,1701 4th Street SW,NM,
884,Acc_78197a,"19, Qual de Bacalan - BP 12",,
885,Acc_c6c045,2860 Cerrillos Road,NM,
886,Acc_2a1375,3225 Central Ave NE,NM,
887,Acc_bb58a0,2000 Mountain Road NW,NM,
888,Acc_598d56,221 Shelby Street,NM,
889,Acc_ff969f,13150 Central Ave SE,NM,
890,Acc_0abf0d,7502 Red Hawk Golf Road,NM,
891,Acc_2127ae,535 Cerrillos Road,NM,
892,Acc_ccfb63,"241 Center Stree, Suite B",CA,
893,Acc_351c96,315 N Texas St,NM,
894,Acc_0c4134,200 S. Camino Del Pueblo,NM,
895,Acc_81aaaf,201 W. Marcy St,NM,
896,Acc_d7d4a3,15 Calle Alfredo,NM,
897,Acc_ef07ae,4243 Montgomery Blvd. NE,NM,
898,Acc_d6028e,"3305 Juan Tabo Blvd.,NE",NM,
899,Acc_6248e7,6855 4th Street NW,NM,
900,Acc_7eb7c9,6600 Menual Blvd. NE,NM,
901,Acc_996251,5520 E Maine St,NM,
902,Acc_0fe2b3,133 Water St.,NM,
903,Acc_6bedb0,88 Ski Valley Road,NM,
904,Acc_d1a577,500 Sandoval Street,NM,
905,Acc_f9f8f0,518 Old Santa Fe Trail,NM,
906,Acc_621177,PO Box 862,CA,
907,Acc_e2dd47,"5249 Foxen Canyon Road, PO Box 718",CA,
908,Acc_f1869b,,,
909,Acc_c198d2,110 Yale Blvd SE,NM,
910,Acc_7fb511,1433 Central Ave. NW,NM,
911,Acc_69f482,2405 State Hsy 469,NM,
912,Acc_b26d63,6640 Indian School Road NE,NM,
913,Acc_84b548,12220 N. Highway 14,NM,
914,Acc_9c9975,,,
915,Acc_887006,c/o Il Vicino Holding Company,NM,
916,Acc_c4d335,6531 Paradise Blvd. NW,NM,
917,Acc_1189ed,4016 Louisiana Blvd NE,NM,
918,Acc_5544cf,6001 Lomas Blvd NE,NM,
919,Acc_9d4c51,#20 ABC Mesa Road,NM,
920,Acc_99e36e,320 Yale Blvd SE,NM,
921,Acc_fd09b0,622 Central Ave SW,NM,
922,Acc_816b11,401 S. Guadalupe,NM,
923,Acc_ddea81,1700 Central Ave SW Suite A,NM,
924,Acc_d0c6d9,"510 North Guadalupe, Suite P",NM,
925,Acc_f48f48,48 North Angel Fire Rd,NM,
926,Acc_604d47,901 N California St,NM,
927,Acc_91a7f6,4201 Menaul Blvd NE,NM,
928,Acc_b2887f,,CA,
929,Acc_ee63b5,1520 Central Ave S.E,NM,
930,Acc_d23f0f,409 W. Water St.,NM,
931,Acc_20a328,,,
932,Acc_e8ed04,P.O. Box 1013,CA,
933,Acc_480225,6910C Montgomery Blvd. NE,NM,
934,Acc_5d0155,10052 Enchanted Way SE,OR,
935,Acc_58dbaf,,,
936,Acc_6e07a1,"2665 S. Bayshore Drive, Suite 700",FL,
937,Acc_25c281,,,
938,Acc_093c20,1577 Bishops Lodge Road,NM,
939,Acc_67565f,,,
940,Acc_22ec08,3509 Central Ave NE,NM,
941,Acc_d40b22,3810 Hwy 14,NM,
942,Acc_c8f524,200 N. Bullard Street,NM,
943,Acc_bfbdfd,1502 Highway 68,NM,
944,Acc_4a3261,201 Paseo Del Pueblo Sur,NM,
945,Acc_f038ad,3118 Central Ave SE,NM,
946,Acc_045311,Mile Marker 352; HWY 285,NM,
947,Acc_288d91,112 CAmino de la Placita,NM,
948,Acc_3c75e3,101 West Marcy St Unit 5,NM,
949,Acc_bda01a,,,
950,Acc_b7cf24,,,
951,Acc_e4304c,1720 Central Ave.,NM,
952,Acc_9c4116,1050 Rio Grande NW,NM,
953,Acc_a7f43b,,,
954,Acc_09d94c,3907 US 64,NM,
955,Acc_1d93fb,1908 Wellspring Ave SE,NM,
956,Acc_dd5c08,1012 California Street,NM,
957,Acc_10b9c1,3222 Central Ave SE,NM,x
958,Acc_bc89de,2201 Louisiana Blvd NE,NM,
959,Acc_5a13b9,,,
960,Acc_3f0894,2461 Calle de Principal,NM,
961,Acc_0067cd,905 W. Alameda St.,NM,
962,Acc_fe87e3,,,
963,Acc_c6897b,3980 Prince Street SE,NM,
964,Acc_ec4890,923 Paseo del Pueblo Norte,NM,
965,Acc_a83d9a,1991 Dennison Street,CA,
966,Acc_505f24,7319 4th St NW,NM,
967,Acc_8534c0,P.O. Box 5106,CO,
968,Acc_976357,68 Cities of Gold Road,NM,
969,Acc_1cfa0b,400 Central Ave SW,NM,
970,Acc_f2122e,105 E Marcy St,NM,
971,Acc_3120d0,8305 2nd Street NW,,
972,Acc_ae69a6,1600 Lena Street,NM,
973,Acc_a0cf43,7 Avenida Vista Grande,NM,
974,Acc_47c52f,401 S. Guadalupe St.,NM,
975,Acc_e32abe,56-43 58th Street,NY,
976,Acc_fa0551,,,
977,Acc_df84e1,800 Rio Grande Blvd NW,NM,x
978,Acc_22923f,"66 West Broadway, Suite 301",NY,
979,Acc_c686a6,,,
980,Acc_c93b8e,3700 Ellison NW,NM,
981,Acc_579ca9,2571 Cristos Rd,NM,
982,Acc_a17738,12621 Feastherwood Drive,TX,
983,Acc_546377,1504 Central Ave SE,NM,
984,Acc_2ae61e,"10000 Coors Blvd., NW, Suite LL10",NM,
985,Acc_b670e9,103 E. Water St.,NM,
986,Acc_d8f142,10019 Coors NW,NM,
987,Acc_46296e,340 New Mexico Hwy 68,NM,
988,Acc_5e8732,680 Rossi Road,CA,
989,Acc_c5adf2,"151 Ferry Street, Ste 202",NJ,
990,Acc_688999,8101 Biscayne Blvd,FL,
991,Acc_ecd1ca,227 Galisteo Street,NM,
992,Acc_d6da0e,1352 Ruffina Cir,NM,
993,Acc_b9d02e,"6001 Osuna Rd NE, Suite D",NM,
994,Acc_c44d7c,2225 Johnson St,NM,
995,Acc_4b4d53,4940 Corrales Rd Suite 400,NM,
996,Acc_d796eb,2401 12th St NW,NM,
997,Acc_0c8cb4,5600 Coors Blvd NW,NM,
998,Acc_93e086,1613 St Michaels Dr,NM,
999,Acc_4e3f2d,6910 Montgomery Blvd NE,NM,
1000,Acc_c79f7c,6902 Menual Blvd NE,NM,
1001,Acc_a62135,6001 Osuna Road NE,NM,
1002,Acc_a84f4b,529 Adams St NE,NM,
1003,Acc_69d93a,2340 E Lohman Ave,NM,
1004,Acc_263d7b,6910 Montgomery Blvd Ste A,NM,
1005,Acc_163352,217 W. Main St.,NM,
1006,Acc_460f64,6600 Menual Blvd NE Pad 2,NM,
1007,Acc_2c318a,205 Sliver Ave SW,NM,
1008,Acc_9ae72a,3810 NM Route 14,NM,
1009,Acc_6233e4,"3529 Zafarano Dr., Unit 11",NM,x
1010,Acc_08eb1b,2100 Louisianna Blvd. NE Ste 8.05 A,NM,
1011,Acc_faf97e,7600 Jefferson St. Suite 21 & 22,NM,
1012,Acc_432c4b,1650 Trinity Drive,NM,
1013,Acc_6498a4,,,
1014,Acc_988ccd,40 miles west on Hwy 555,NM,
1015,Acc_de43a8,40 Tramway Road,NM,
1016,Acc_4416b7,1601 Avenido Cesar Chavez,NM,
1017,Acc_b99320,218 Gold Avenue SW,NM,
1018,Acc_acfc99,3517 Wyoming Blvd. NE,NM,
1019,Acc_1e6f61,10500 4th St. NW,NM,
1020,Acc_c5fd04,11 Sherwood Blvd,NM,
1021,Acc_83c387,315 Alameda Blvd. NE,NM,
1022,Acc_4846db,614 Trinity Drive,NM,
1023,Acc_f6f6cf,2920 Rufina Street,NM,
1024,Acc_8cc8df,471 S. Hill Road,NM,
1025,Acc_9a7c5e,2401 NM Hwy 528 SE,NM,
1026,Acc_6708ab,145 Central Park,NM,
1027,Acc_cc529e,163 Central Park Square,NM,
1028,Acc_45acf8,1701 4th St SW,NM,
1029,Acc_b6a217,1720 Central Ave. SW,NM,
1030,Acc_292a06,,,
1031,Acc_d1db9a,13170 Central Ave SE Ste 1740,NM,
1032,Acc_cf2d79,5600 Coors Blvd NW Ste C1,NM,
1033,Acc_ba6dfc,"1017 Paseo del Pueblo Norte, State Road 68",NM,
1034,Acc_ce94f6,3351 Columbia Drive NE,NM,
1035,Acc_326a7b,7515 Lomas Blvd. NE,NM,
1036,Acc_2eec55,1862 Cerrillos Road,NM,
1037,Acc_2e90fe,2933 Monte Vista Blvd. NE,NM,
1038,Acc_2e024b,2791 Agua Fria,NM,
1039,Acc_61c609,3200 La Orilla Rd NW,NM,
1040,Acc_e54d93,"2101 Vista Oeste, NW Bldg 1",NM,
1041,Acc_96e47e,1005 Pueblo del Pueblo Sur,NM,
1042,Acc_6dccba,195 Palmer Ave.,OR,
1043,Acc_807724,2924 Girard Blvd NE,NM,
1044,Acc_6701bf,7520 4th St,NM,
1045,Acc_8bb4c4,723 University Blvd. SE,NM,
1046,Acc_605824,4541 Corrales Rd.,NM,
1047,Acc_c72f73,5170 College Blvd,NM,
1048,Acc_feaaae,2119 Menaul NE,NM,
1049,Acc_7e12a9,364 E NM Highway 333,NM,
1050,Acc_ae337a,,,
1051,Acc_cb267f,1091 Essex Ave,CA,
1052,Acc_3aac15,PO Box 1639,CA,
1053,Acc_1ce6cf,5201 Blue Lagoon Dr,FL,
1054,Acc_670f49,2400 12th Street NW,NM,
1055,Acc_b0e6e6,,,
1056,Acc_ab97ee,,,
1057,Acc_0bc5a1,1605 Juan Tabo NE,NM,
1058,Acc_b40821,"500 Yale Blvd., SE",NM,
1059,Acc_5971f7,,,
1060,Acc_e31b0b,"9800 Montgomery Blvd., NE Suite 7",NM,
1061,Acc_9ab626,500 Yale Blvd SE,NM,
1062,Acc_aa40e9,1789 Central Ave Suite 8,NM,
1063,Acc_a46eec,119 Gold Ave SW,NM,
1064,Acc_8ba4f2,115 Harvard SE,NM,
1065,Acc_49436f,2725 N. Main Street,NM,
1066,Acc_40f3f4,2120 Louisiana Blvd. NE,NM,
1067,Acc_b131fc,301 Cornell Drive,NM,
1068,Acc_ceeebe,,,
1069,Acc_875aba,5646 W. Harrier Dr. Ste. B,MT,
1070,Acc_faa4cf,524 Railroad Ave,NM,
1071,Acc_e9df8e,110 Paseo del Pueblo Norte,NM,
1072,Acc_c00643,311 Old Santa Fe Trail,NM,
1073,Acc_91f843,418 Montezuma Ave.,NNM,
1074,Acc_260cf7,4316 The 25th Way,NM,
1075,Acc_29e353,3236 La Orilla Rd. NW Ste B-2,NM,
1076,Acc_3b50c4,133 Paseo del Pueblo Norte,NM,
1077,Acc_a1967d,206 Broadway SE,NM,
1078,Acc_7d4c6e,111 Hermosa Dr. SE,NM,
1079,Acc_26d8f4,225 Johnson Street,NM,
1080,Acc_5ddfa7,740 Main St,NM,
1081,Acc_506211,1811 W. Fullerton Avenue,IL,
1082,Acc_b52456,2220 Unser Blvd NW,NM,
1083,Acc_949d54,2381 Aztec Rd NE,NM,
1084,Acc_92e73a,417 Tramway Blvd NE,NM,
1085,Acc_316e40,119 San Pasquale Ave SW,NM,
1086,Acc_e62508,,,
1087,Acc_59b12b,10250 Cottonwood Park NW,NM,
1088,Acc_e31136,40 Tramway Rd. NE,NM,
1089,Acc_0f484c,509 Central Avenue NW,NM,
1090,Acc_95a638,145 Central Park Square,NM,
1091,Acc_48d716,152 Old Lamy Trail,NM,
1092,Acc_85e27f,"1003 E. Trent, Suite 200",WA,
1093,Acc_dfcb2a,3128 Central Ave. SE,NM,
1094,Acc_8457c9,571 Walton Blvd.,NM,
1095,Acc_d851ac,1550 S. Valley Drive,NM,
1096,Acc_6fde66,150 N. Sonoma Ranch Blvd.,NM,
1097,Acc_490d3e,926 Paseo Del Pueblo Sur,NM,
1098,Acc_45febb,4600 E. Main Street,NM,
1099,Acc_34ddd1,1400 W. Main Street,NM,
1100,Acc_c67c22,3251 Cerrillos Road,NM,
1101,Acc_ec5ae9,5701 Herrera Drive,NM,
1102,Acc_0f9070,8000 Academy Road NE,NM,
1103,Acc_9692e0,400 Eubank Blvd. NE,NM,
1104,Acc_ad97bb,2701 Carlisle Blvd.,NM,
1105,Acc_d17d76,10224 Coors BYP NW,NM,
1106,Acc_473e53,1 I-25 Bypass,NM,
1107,Acc_d4832c,4700 Cutler Ave. NE,NM,
1108,Acc_b7db0e,8511 Golf Course Rd. NW,NM,
1109,Acc_8a8cdf,11018 Montgomery Blvd. NE,NM,
1110,Acc_e44210,1820 Unser Blvd. NW,NM,
1111,Acc_91fca7,3500 Coors Blvd. SW,NM,
1112,Acc_8ce932,2266 Wyoming Blvd. NE,NM,
1113,Acc_752b31,1115 NM HWY 528 SE,NM,
1114,Acc_4723eb,901 Unser Blvd. SE,NM,
1115,Acc_d85061,2250 Main Street NW,NM,
1116,Acc_516cc0,460 NM HWY 528,NM,
1117,Acc_76bc85,66 State Road 344,NM,
1118,Acc_218de6,1610 N. Riverside Drive,NM,
1119,Acc_e930a1,2501 HWY. 180 East,NM,
1120,Acc_35fbbd,2001 H.r. Ashbaugh Drive,NM,
1121,Acc_2597dc,1021 E. Pine Street,NM,
1122,Acc_552b05,700 6th Street N.,NM,
1123,Acc_00e1d6,401 Second St. NW,NM,
1124,Acc_e1cb20,110 Main Street,NM,
1125,Acc_9d5d23,1650 W. Maloney Avenue,NM,
1126,Acc_050f78,1000 Robert Road,NM,
1127,Acc_a5db56,"4500 Main Street, Ste. A",NM,
1128,Acc_0b456f,233 S. New York Avenue,NM,
1129,Acc_4fcd07,26180 US HWY 70,NM,
1130,Acc_30cd59,3800 Lovington Highway,NM,
1131,Acc_a81a69,3728 N. Prince Street,NM,
1132,Acc_46e26e,2401 S. Canal Street,NM,
1133,Acc_d53357,1604 E. Spruce Street,NM,
1134,Acc_9ba86e,604 N. 26th Street,NM,
1135,Acc_7c4eb4,2401 Indian Wells Road,NM,
1136,Acc_47cdcb,3001 Central Ave NE,NM,
1137,Acc_a263df,3718 Central Ave SE,NM,
1138,Acc_70930b,2122 Central Ave SE,NM,
1139,Acc_ed958b,3410 Central SE,NM,
1140,Acc_2a86d7,2005 Highway 180 E,NM,
1141,Acc_7a020f,144 Main St SW,NM,
1142,Acc_90e797,4701 Sandsage St.,NM,
1143,Acc_83fa56,,,
1144,Acc_129418,,,
1145,Acc_577b81,,,
1146,Acc_442cd6,500 South Telshor Blvd.,NM,
1147,Acc_3468a8,500 Sandoval ST.,NM,
1148,Acc_ebcf50,111 Marble Ave NW,NM,
1149,Acc_347d49,9904 Montgomery Blvd NE,NM,
1150,Acc_be0dc8,606 North California St.,NM,
1151,Acc_ed80f2,1025 4th St. NW,NM,
1152,Acc_7a8ff1,,,
1153,Acc_0c7ac9,"6051 Osuna Rd., NE",NM,
1154,Acc_0d2eaf,505 Cerrillos Rd.,NM,
1155,Acc_116228,304 N. Bullard St,NM,
1156,Acc_e54b88,1800 Avenida de Mesilla,NM,
1157,Acc_aeaeff,1405 Maclovia St.,NM,
1158,Acc_f6bf2c,4939 Pan American Frwy NE,NM,
1159,Acc_e11015,1806 E 20th St.,Nm,
1160,Acc_5edd68,60 East San Francisco Street,NM,
1161,Acc_57017e,2701 E 20th St,NM,
1162,Acc_963f21,151 Old Lamy Trail,NM,
1163,Acc_a1a8c2,8338 Comanche Rd NE,NM,
1164,Acc_1065da,,,
1165,Acc_1a3224,2926 Girard Blvd NE,NM,
1166,Acc_d14391,11500 Menaul Blvd NE,NM,
1167,Acc_be67b2,8900 San Mateo Boulevard NE,NM,
1168,Acc_5fe534,5009 Industrial,NM,
1169,Acc_42646d,5100 Mountain Rd. NE,NM,
1170,Acc_72cf11,,,
1171,Acc_a6680b,,,
1172,Acc_d468c1,,,
1173,Acc_3fe53a,,,
1174,Acc_be4e3e,,,
1175,Acc_ed57cd,,,
1176,Acc_c83dd5,,,
1177,Acc_9bad2f,,,
1178,Acc_ae69b5,,,
1179,Acc_065874,,,
1180,Acc_2e75a8,,,
1181,Acc_db9c43,,,
1182,Acc_e12924,,,
1183,Acc_5934b7,,,
1184,Acc_db35bf,,,
1185,Acc_33ddeb,,,
1186,Acc_271083,,,
1187,Acc_fbc893,,,
1188,Acc_7a42b2,,,
1189,Acc_a7991b,,,
1190,Acc_39bdc0,,,
1191,Acc_76eb2e,,,
1192,Acc_75e5d3,,,
1193,Acc_035a3b,,,
1194,Acc_734791,,,
1195,Acc_8273dc,,,
1196,Acc_e6f043,,,
1197,Acc_b21f89,,,
1198,Acc_c3b191,1708 Lena St.,NM,
1199,Acc_6f911f,95 Entrada Dr,NM,
1200,Acc_1b4251,,,
1201,Acc_9d297b,2601 Yale Boulevard SE,NM,
2000,Acc_814a02,1925 Rosina St Unit H,NM,
1202,Acc_c3e11d,,,
1203,Acc_1be9d8,,,
1204,Acc_6febba,,,
1205,Acc_d46db7,,,
1206,Acc_1360d9,"901 Menaul Blvd., NE",NM,
1207,Acc_7bd63b,,,
1208,Acc_77177b,,,
1209,Acc_1ff0f1,1570 Pachecho St Suite C6,,
1210,Acc_a7c231,,,
1211,Acc_825f63,4 Hamilton Landing,CA,
1212,Acc_84c506,,,
1213,Acc_29ae5a,,,
1214,Acc_5d4b64,,,
1215,Acc_c49218,,,
1216,Acc_257d2b,,,
1217,Acc_d6a4c0,,,
1218,Acc_96fea5,,,
1219,Acc_6fbaba,,,
1220,Acc_16a07b,,,
1221,Acc_666a37,,,
1222,Acc_7391b3,,,
1223,Acc_974b12,,,
1224,Acc_f3a3f0,,,
1225,Acc_3366b3,,,
1226,Acc_b79bb5,,,
1227,Acc_b04f54,,,
1228,Acc_af2ef1,,,
1229,Acc_9eef1f,,,
1230,Acc_b96919,930 Baca St. Unit C,NM,
1231,Acc_a7fe7d,1801 Central Ave NW,NM,
1232,Acc_28135a,830 N Main St,,
1233,Acc_2e7c82,550 S Guadalupe St,,
1234,Acc_b7f670,,,
1235,Acc_3b2c19,,,
1236,Acc_206d95,,,
1237,Acc_8fe1f7,7504 Avenger Way,NM,
1238,Acc_7bd479,,,
1239,Acc_a88585,PO Box 1225,CA,
1240,Acc_428d62,200 Columbia St,NM,
1241,Acc_74a520,1810 Plaza,NM,
1242,Acc_df30f4,3500 Central Ave,,
1243,Acc_5af864,,,
1244,Acc_7cbf2e,,,
1245,Acc_af48d6,3 Caliente Red,NM,
1246,Acc_3bac83,223 N Guadalupe St,NM,
1247,Acc_a97298,311 98th Street NW,NM,
1248,Acc_d2dbce,7309 Hawthorn Ave,NM,
1249,Acc_4735b1,922A Shoofly St Suite 101,,
1250,Acc_9eede5,PO Box 1043,ME,
1251,Acc_eb8520,3141 Tiger Run Court #113,CA,
1252,Acc_d32c33,3030 Bridgeway,CA,
1253,Acc_da5944,133 Vallejos Ln,NM,
1254,Acc_21bdde,2129 Grahn Dr.,CA,
1255,Acc_574c8a,1110 Brickell Ave,FL,
1256,Acc_a5fb9b,4121 Cutler Ave NE,NM,
1257,Acc_579d07,,,
1258,Acc_75a90c,1901 Main St SW,NM,
1259,Acc_f98afe,8505 Montgomery Drive NE,,
1260,Acc_79bbbd,10015 Coors Blvd NW,NM,
1261,Acc_644767,6001 Iliff Rd NW,NM,
1262,Acc_cd146e,1700 Towne Center Ln,NM,
1263,Acc_142f94,2700 E Main St,NM,
1264,Acc_795461,2750 Mall Dr Suite 600,NM,
1265,Acc_023145,3501 Zafarano Dr,NM,
1266,Acc_9c82ba,10200 Corrales Rd,NM,
1267,Acc_bd8c4f,1710 Central Avenue SW,NM,
1268,Acc_7bd6cd,12501 Candelaria Road NE,NM,
1269,Acc_8785c8,747 Main St. SW,NM,
1270,Acc_f51bf8,839 S. White Sands Blvd.,NM,
1271,Acc_d4a17c,1120 Joe Harvey Blvd.,NM,
1272,Acc_446cc0,1801 W. Pierce St.,NM,
1273,Acc_23caca,3505 N. Prince St.,NM,
1274,Acc_a3a5c2,840 S Telshor Blvd,,
1275,Acc_f721d0,6001 Iliff Rd NW,NM,
1276,Acc_81c8ac,505 Central Ave NW,NM,
1277,Acc_bfadf0,1297 Bishops Lodge Rd,NM,
1278,Acc_5c8646,PO Box 191,CA,
1279,Acc_d7524a,,,
1280,Acc_63efc3,"4225 Solano Ave., Suite #109",CA,
1281,Acc_2d2b39,PO Box 788,KY,
1282,Acc_4c80ae,142 W Palace,,
1283,Acc_da4a21,4301 Lone Man Mountain Road,TX,
1284,Acc_2dc0ac,,N.M.,
1285,Acc_de121b,"8830 4th St, NW",NM,
1286,Acc_8e90ca,1421 W.Orchard Ln.,NM,
1287,Acc_258dd8,,NM,
1288,Acc_82154b,4895 Corrales Rd,NM,
1289,Acc_7ccc40,94 Commercial Street,ME,
1290,Acc_0fa0f8,2402 Central SW,NM,
1291,Acc_d49df5,3225 Central Avenue NE,NM,
1292,Acc_e2079b,"8420 Firestone Ln, NE",,
1293,Acc_3356b9,5850 Eubank Blvd NE Suite B17,NM,
1294,Acc_ebc811,116 S. Main Avenue,NM,
1295,Acc_0e1ecf,8940 Carmel Valley Road,CA,
1296,Acc_a9c38a,,,
1297,Acc_a97175,,,
1298,Acc_fad222,317 Aztec St,,
1299,Acc_e9657c,821 Canyon Rd,NM,
1300,Acc_84e6d3,,,
1301,Acc_6c78fe,95 W Marcy St,NM,
1302,Acc_c95f4d,22720 El Camino Real,CA,
1303,Acc_aeaa14,6600 Menaul Blvd,NM,
1304,Acc_da6053,2643 Industrial Parkway,CA,
1305,Acc_6b5704,1475 Kubli Road,OR,
1306,Acc_aa0fd9,14704 East 33rd Place,CO,
1307,Acc_61cadb,432 Maple Street,CA,
1308,Acc_0a0990,915 Farmington Ave,NM,
1309,Acc_36501b,4321 Yale Blvd NE,NM,
1310,Acc_42d0ee,12 Llano del Norte,NM,
1311,Acc_1a54ba,2100 Louisiana Boulevard,NM,
1312,Acc_7fda05,,,
1313,Acc_cdb79a,6501 Wyoming Blvd NE,NM,
1314,Acc_43e558,2200 Uptown Loop NE,NM,
1315,Acc_579146,8929 Holly Ave,NM,
1316,Acc_80b7f7,530 W. Cordova Road,NM,
1317,Acc_f66480,200 Thunderbird Road,NM,
1318,Acc_f03cf0,,,
1319,Acc_30ed5d,1607 Alcaldesa Street,NM,
1320,Acc_492d62,P.O. Box 88,CA,
1321,Acc_b092d8,3120 Central Avenue SE,NM,
1322,Acc_0abe2e,545 Camino de la Familia,NM,
1323,Acc_66522d,7835 Enchanted Hills Blvd. NE,NM,
1324,Acc_bbe375,2239 Old Pecos Trail,NM,
1325,Acc_13be57,PO Box 2296,CA,
1326,Acc_f3351f,3128 Central Avenue SE,NM,
1327,Acc_cb2b3f,209 E. Palace Avenue,NM,
1328,Acc_d7a59e,"1909 Bellamah Ave, NE",NM,
1329,Acc_fee59e,28 Main Street,NM,
1330,Acc_f1923c,1511 Broadway Blvd SE,NM,
1331,Acc_449874,415 W Alameda ST,NM,
1332,Acc_038f81,10 Miller Lane,NM,
1333,Acc_24d4c1,230 Plaza St,NM,
1334,Acc_1a932a,25023 Granite Path,TX,
1335,Acc_987215,600 Central Ave SW,NM,
1336,Acc_d17862,3222 Central SE,NM,
1337,Acc_65db64,2125 Kincaid Way,CA,
1338,Acc_5be4af,,,
1339,Acc_c801e2,201 Hermosa Dr NE,NM,
1340,Acc_2fcfbe,P.O. Box 6229,TX,
1341,Acc_9a81eb,,,
1342,Acc_b67363,,,
1343,Acc_f95dc0,1310 Second Street,CA,
1344,Acc_f3cf00,2001 E. Lohman; Suite 115,NM,
1345,Acc_518973,820 N. Cedar Street,NM,
1346,Acc_e54a34,410 Broadway,NM,
1347,Acc_258c3c,105 Harvard Dr SE,NM,
1348,Acc_df2d77,705 S Telshor Blvd,NM,x
1349,Acc_8eb3b7,201 Washington Avenue,NM,x
1350,Acc_f84629,1025 Lomas Blvd NW,NM,
1351,Acc_24c4b5,3677 Corrales Rd,NM,
1352,Acc_9cd949,330 Tijeras Ave NW,NM,x
1353,Acc_a11067,,,
1354,Acc_4be994,3711 Central Ave,NM,
1355,Acc_85bc9c,2701 4th St NW,NM,
1356,Acc_08467f,241 Ledoux Street,NM,
1357,Acc_e1c249,7600 Jefferson Street NE,NM,
1358,Acc_23cbc2,,,
1359,Acc_8cf05a,1 Thunderbird Rd,NM,
1360,Acc_d73579,11786 Highway 180 East,NM,
1361,Acc_c839c6,4940 Corrales Road; Suite 400,NM,
1362,Acc_b16b88,2653 Snow Rd,NM,
1363,Acc_593e75,2010 Cerrillos Road,NM,
1364,Acc_8a2a6b,148 Bridge St,NM,
1365,Acc_afc91b,,,
1366,Acc_46d813,111 Carlisle NE,NM,
1367,Acc_3457e7,3313 Girard Blvd NE,NM,
1368,Acc_16735f,111 Washington Ave,NM,
1369,Acc_082bbe,111 Carlisle NE,NM,
1370,Acc_446218,1 Clubhouse Dr,NM,
1371,Acc_69499b,60 Bear Mountain Lodge,NM,
1372,Acc_b5adde,1611 Alcaldesa St,NM,
1373,Acc_d05e15,520 N Broadway,NM,
1374,Acc_ae5950,111 Harvard Dr SE,NM,
1375,Acc_3e6c81,301 Romero St NW,NM,
1377,Acc_a9ad10,5 Thomas Road,NM,
1378,Acc_316c2a,2550 Don Roser Drive,NM,
1379,Acc_499951,701 Central Ave NE,NM,
1380,Acc_9e10cb,418 Montezuma Ave,NM,
1381,Acc_16b6ea,,,
1390,Acc_267247,,,
1382,Acc_b308cb,2100 Louisana Blvd Suite 810,NM,
1391,Acc_bbc188,701 Central,NM,
1392,Acc_e80b64,213 Washingon Ave,NM,
1393,Acc_b0634e,4445 Corrales Rd,NM,
1394,Acc_f81386,1717 South Second St,NM,
1395,Acc_a3164c,1101 Paseo Corazn,NM,
1396,Acc_c5838a,3801 Arkansas Ave,NM,
1397,Acc_14d29d,505 Cerrillos,NM,
1398,Acc_df63c9,,,
1399,Acc_62b17f,108 South Plaza,NM,
1400,Acc_8cefa0,1680 Calle de Alvarez Ste C,NM,
1401,Acc_bed094,11201-11225 Montgomery Blvd NE,NM,
1402,Acc_d8e3d1,3617 Wyoming Blvd NE,NM,
1403,Acc_776f3f,,,
1404,Acc_b11300,3201 Central Ave,NM,
1405,Acc_5c3d34,2100 Coral Way,FL,
